{"cameraMode":{"drawMode":0,"name":"Shaded","section":"Shading Mode"},"sceneLighting":false,"audioPlay":false,"sceneViewState":{"m_AlwaysRefresh":false,"showFog":false,"showSkybox":false,"showFlares":false,"showImageEffects":false,"showParticleSystems":false,"showVisualEffectGraphs":true,"m_FxEnabled":true},"in2DMode":false,"pivot":{"x":0.007079064846038818,"y":0.6662887334823608,"z":0.20278525352478028},"rotation":{"x":0.12360356003046036,"y":-0.8747571706771851,"z":0.2995787262916565,"w":0.36051905155181887},"size":1.1500543355941773,"orthographic":false}