{"cameraMode":{"drawMode":0,"name":"Shaded","section":"Shading Mode"},"sceneLighting":false,"audioPlay":false,"sceneViewState":{"m_AlwaysRefresh":false,"showFog":true,"showSkybox":false,"showFlares":true,"showImageEffects":true,"showParticleSystems":true,"showVisualEffectGraphs":true,"m_FxEnabled":true},"in2DMode":false,"pivot":{"x":0.0028336048126220705,"y":-0.006774276494979858,"z":0.016684114933013917},"rotation":{"x":0.015758998692035676,"y":-0.943120539188385,"z":0.32937273383140566,"w":0.04475758969783783},"size":0.7161501049995422,"orthographic":false}